{
  "hash": "432e3d16",
  "configHash": "c150cd36",
  "lockfileHash": "956eaccc",
  "browserHash": "ce47a987",
  "optimized": {
    "@angular/cdk/bidi": {
      "src": "../../../../../../node_modules/@angular/cdk/fesm2022/bidi.mjs",
      "file": "@angular_cdk_bidi.js",
      "fileHash": "47d6d681",
      "needsInterop": false
    },
    "@angular/cdk/text-field": {
      "src": "../../../../../../node_modules/@angular/cdk/fesm2022/text-field.mjs",
      "file": "@angular_cdk_text-field.js",
      "fileHash": "ed7f4a05",
      "needsInterop": false
    },
    "@angular/common": {
      "src": "../../../../../../node_modules/@angular/common/fesm2022/common.mjs",
      "file": "@angular_common.js",
      "fileHash": "c8426484",
      "needsInterop": false
    },
    "@angular/common/http": {
      "src": "../../../../../../node_modules/@angular/common/fesm2022/http.mjs",
      "file": "@angular_common_http.js",
      "fileHash": "05e21fda",
      "needsInterop": false
    },
    "@angular/core": {
      "src": "../../../../../../node_modules/@angular/core/fesm2022/core.mjs",
      "file": "@angular_core.js",
      "fileHash": "d2eac075",
      "needsInterop": false
    },
    "@angular/forms": {
      "src": "../../../../../../node_modules/@angular/forms/fesm2022/forms.mjs",
      "file": "@angular_forms.js",
      "fileHash": "1e7e4dd4",
      "needsInterop": false
    },
    "@angular/material/button": {
      "src": "../../../../../../node_modules/@angular/material/fesm2022/button.mjs",
      "file": "@angular_material_button.js",
      "fileHash": "f6b17c89",
      "needsInterop": false
    },
    "@angular/material/dialog": {
      "src": "../../../../../../node_modules/@angular/material/fesm2022/dialog.mjs",
      "file": "@angular_material_dialog.js",
      "fileHash": "ffb750b0",
      "needsInterop": false
    },
    "@angular/material/form-field": {
      "src": "../../../../../../node_modules/@angular/material/fesm2022/form-field.mjs",
      "file": "@angular_material_form-field.js",
      "fileHash": "cfaa09d3",
      "needsInterop": false
    },
    "@angular/material/input": {
      "src": "../../../../../../node_modules/@angular/material/fesm2022/input.mjs",
      "file": "@angular_material_input.js",
      "fileHash": "9c22036d",
      "needsInterop": false
    },
    "@angular/material/paginator": {
      "src": "../../../../../../node_modules/@angular/material/fesm2022/paginator.mjs",
      "file": "@angular_material_paginator.js",
      "fileHash": "312dfc92",
      "needsInterop": false
    },
    "@angular/material/sort": {
      "src": "../../../../../../node_modules/@angular/material/fesm2022/sort.mjs",
      "file": "@angular_material_sort.js",
      "fileHash": "0a866c27",
      "needsInterop": false
    },
    "@angular/material/table": {
      "src": "../../../../../../node_modules/@angular/material/fesm2022/table.mjs",
      "file": "@angular_material_table.js",
      "fileHash": "87faa5b3",
      "needsInterop": false
    },
    "@angular/platform-browser": {
      "src": "../../../../../../node_modules/@angular/platform-browser/fesm2022/platform-browser.mjs",
      "file": "@angular_platform-browser.js",
      "fileHash": "e20463ab",
      "needsInterop": false
    },
    "@angular/platform-browser/animations": {
      "src": "../../../../../../node_modules/@angular/platform-browser/fesm2022/animations.mjs",
      "file": "@angular_platform-browser_animations.js",
      "fileHash": "2aa2f8ba",
      "needsInterop": false
    },
    "@angular/platform-server": {
      "src": "../../../../../../node_modules/@angular/platform-server/fesm2022/platform-server.mjs",
      "file": "@angular_platform-server.js",
      "fileHash": "e15233cf",
      "needsInterop": false
    },
    "@angular/router": {
      "src": "../../../../../../node_modules/@angular/router/fesm2022/router.mjs",
      "file": "@angular_router.js",
      "fileHash": "ec6ccd98",
      "needsInterop": false
    },
    "@angular/ssr": {
      "src": "../../../../../../node_modules/@angular/ssr/fesm2022/ssr.mjs",
      "file": "@angular_ssr.js",
      "fileHash": "65a30db9",
      "needsInterop": false
    },
    "@angular/ssr/node": {
      "src": "../../../../../../node_modules/@angular/ssr/fesm2022/node.mjs",
      "file": "@angular_ssr_node.js",
      "fileHash": "959322f3",
      "needsInterop": false
    },
    "express": {
      "src": "../../../../../../node_modules/express/index.js",
      "file": "express.js",
      "fileHash": "d1bdd661",
      "needsInterop": true
    },
    "rxjs": {
      "src": "../../../../../../node_modules/rxjs/dist/cjs/index.js",
      "file": "rxjs.js",
      "fileHash": "2833e129",
      "needsInterop": true
    }
  },
  "chunks": {
    "xhr2-UMY7BS5A": {
      "file": "xhr2-UMY7BS5A.js"
    },
    "chunk-DP6KFIVZ": {
      "file": "chunk-DP6KFIVZ.js"
    },
    "chunk-QGRYIIX7": {
      "file": "chunk-QGRYIIX7.js"
    },
    "chunk-6YN6JTT3": {
      "file": "chunk-6YN6JTT3.js"
    },
    "chunk-35OCQY5P": {
      "file": "chunk-35OCQY5P.js"
    },
    "chunk-YWN63HQZ": {
      "file": "chunk-YWN63HQZ.js"
    },
    "chunk-CPNVJLBC": {
      "file": "chunk-CPNVJLBC.js"
    },
    "chunk-I7AAHNPT": {
      "file": "chunk-I7AAHNPT.js"
    },
    "chunk-DQXMNIDG": {
      "file": "chunk-DQXMNIDG.js"
    },
    "chunk-2S5DYCBC": {
      "file": "chunk-2S5DYCBC.js"
    },
    "chunk-3TYZGEBO": {
      "file": "chunk-3TYZGEBO.js"
    },
    "chunk-U4X6DU2F": {
      "file": "chunk-U4X6DU2F.js"
    },
    "chunk-ZXKJLMPS": {
      "file": "chunk-ZXKJLMPS.js"
    },
    "chunk-B66DL72B": {
      "file": "chunk-B66DL72B.js"
    },
    "chunk-KFAZUPOH": {
      "file": "chunk-KFAZUPOH.js"
    },
    "chunk-37LJQ355": {
      "file": "chunk-37LJQ355.js"
    },
    "chunk-L43BGONA": {
      "file": "chunk-L43BGONA.js"
    },
    "chunk-TNOSYKDY": {
      "file": "chunk-TNOSYKDY.js"
    },
    "chunk-Y7BR7IWQ": {
      "file": "chunk-Y7BR7IWQ.js"
    },
    "chunk-JKRQUPYL": {
      "file": "chunk-JKRQUPYL.js"
    },
    "chunk-GGIGUQCQ": {
      "file": "chunk-GGIGUQCQ.js"
    },
    "chunk-A2PIVMTE": {
      "file": "chunk-A2PIVMTE.js"
    },
    "chunk-BRS7F2KD": {
      "file": "chunk-BRS7F2KD.js"
    },
    "chunk-EF6JSXHB": {
      "file": "chunk-EF6JSXHB.js"
    },
    "chunk-TTV6UP62": {
      "file": "chunk-TTV6UP62.js"
    },
    "chunk-YHCV7DAQ": {
      "file": "chunk-YHCV7DAQ.js"
    }
  }
}