{
  "hash": "c3b8718c",
  "configHash": "1a5d2047",
  "lockfileHash": "956eaccc",
  "browserHash": "380bda93",
  "optimized": {
    "@angular/cdk/bidi": {
      "src": "../../../../../../node_modules/@angular/cdk/fesm2022/bidi.mjs",
      "file": "@angular_cdk_bidi.js",
      "fileHash": "f2dad3bb",
      "needsInterop": false
    },
    "@angular/cdk/text-field": {
      "src": "../../../../../../node_modules/@angular/cdk/fesm2022/text-field.mjs",
      "file": "@angular_cdk_text-field.js",
      "fileHash": "d01c180e",
      "needsInterop": false
    },
    "@angular/common": {
      "src": "../../../../../../node_modules/@angular/common/fesm2022/common.mjs",
      "file": "@angular_common.js",
      "fileHash": "d17e8ed6",
      "needsInterop": false
    },
    "@angular/common/http": {
      "src": "../../../../../../node_modules/@angular/common/fesm2022/http.mjs",
      "file": "@angular_common_http.js",
      "fileHash": "2be3295a",
      "needsInterop": false
    },
    "@angular/core": {
      "src": "../../../../../../node_modules/@angular/core/fesm2022/core.mjs",
      "file": "@angular_core.js",
      "fileHash": "f9051173",
      "needsInterop": false
    },
    "@angular/forms": {
      "src": "../../../../../../node_modules/@angular/forms/fesm2022/forms.mjs",
      "file": "@angular_forms.js",
      "fileHash": "2bdf0bb7",
      "needsInterop": false
    },
    "@angular/material/button": {
      "src": "../../../../../../node_modules/@angular/material/fesm2022/button.mjs",
      "file": "@angular_material_button.js",
      "fileHash": "a0a49cb6",
      "needsInterop": false
    },
    "@angular/material/dialog": {
      "src": "../../../../../../node_modules/@angular/material/fesm2022/dialog.mjs",
      "file": "@angular_material_dialog.js",
      "fileHash": "10811c1b",
      "needsInterop": false
    },
    "@angular/material/form-field": {
      "src": "../../../../../../node_modules/@angular/material/fesm2022/form-field.mjs",
      "file": "@angular_material_form-field.js",
      "fileHash": "9cf0a401",
      "needsInterop": false
    },
    "@angular/material/input": {
      "src": "../../../../../../node_modules/@angular/material/fesm2022/input.mjs",
      "file": "@angular_material_input.js",
      "fileHash": "6fdef8a0",
      "needsInterop": false
    },
    "@angular/material/paginator": {
      "src": "../../../../../../node_modules/@angular/material/fesm2022/paginator.mjs",
      "file": "@angular_material_paginator.js",
      "fileHash": "c8bc7415",
      "needsInterop": false
    },
    "@angular/material/sort": {
      "src": "../../../../../../node_modules/@angular/material/fesm2022/sort.mjs",
      "file": "@angular_material_sort.js",
      "fileHash": "974c7cc7",
      "needsInterop": false
    },
    "@angular/material/table": {
      "src": "../../../../../../node_modules/@angular/material/fesm2022/table.mjs",
      "file": "@angular_material_table.js",
      "fileHash": "a0072fca",
      "needsInterop": false
    },
    "@angular/platform-browser": {
      "src": "../../../../../../node_modules/@angular/platform-browser/fesm2022/platform-browser.mjs",
      "file": "@angular_platform-browser.js",
      "fileHash": "dd3e39b2",
      "needsInterop": false
    },
    "@angular/platform-browser/animations": {
      "src": "../../../../../../node_modules/@angular/platform-browser/fesm2022/animations.mjs",
      "file": "@angular_platform-browser_animations.js",
      "fileHash": "5d345a92",
      "needsInterop": false
    },
    "@angular/router": {
      "src": "../../../../../../node_modules/@angular/router/fesm2022/router.mjs",
      "file": "@angular_router.js",
      "fileHash": "95f1b537",
      "needsInterop": false
    },
    "rxjs": {
      "src": "../../../../../../node_modules/rxjs/dist/esm5/index.js",
      "file": "rxjs.js",
      "fileHash": "77873bba",
      "needsInterop": false
    }
  },
  "chunks": {
    "chunk-5O624S2H": {
      "file": "chunk-5O624S2H.js"
    },
    "chunk-VC3HJILZ": {
      "file": "chunk-VC3HJILZ.js"
    },
    "chunk-WI7CQINE": {
      "file": "chunk-WI7CQINE.js"
    },
    "chunk-3LMPFXZ6": {
      "file": "chunk-3LMPFXZ6.js"
    },
    "chunk-A2OSR5ED": {
      "file": "chunk-A2OSR5ED.js"
    },
    "chunk-DIQOSGKN": {
      "file": "chunk-DIQOSGKN.js"
    },
    "chunk-VT3NFVH6": {
      "file": "chunk-VT3NFVH6.js"
    },
    "chunk-NHNML232": {
      "file": "chunk-NHNML232.js"
    },
    "chunk-ATJUV4ZK": {
      "file": "chunk-ATJUV4ZK.js"
    },
    "chunk-5LJZYX6G": {
      "file": "chunk-5LJZYX6G.js"
    },
    "chunk-OEAYA55K": {
      "file": "chunk-OEAYA55K.js"
    },
    "chunk-QWR62JRQ": {
      "file": "chunk-QWR62JRQ.js"
    },
    "chunk-2S62IZJQ": {
      "file": "chunk-2S62IZJQ.js"
    },
    "chunk-EN2YXHMB": {
      "file": "chunk-EN2YXHMB.js"
    },
    "chunk-NK3E5M52": {
      "file": "chunk-NK3E5M52.js"
    },
    "chunk-KVOWTS5O": {
      "file": "chunk-KVOWTS5O.js"
    },
    "chunk-UPORYLVF": {
      "file": "chunk-UPORYLVF.js"
    },
    "chunk-YR3CVEOV": {
      "file": "chunk-YR3CVEOV.js"
    },
    "chunk-THZYPPQW": {
      "file": "chunk-THZYPPQW.js"
    },
    "chunk-EN3REZQS": {
      "file": "chunk-EN3REZQS.js"
    },
    "chunk-GKVIQ4BX": {
      "file": "chunk-GKVIQ4BX.js"
    }
  }
}